Player_Stats (College/Univ),School,City and State,Type,Conference,Division,Sub-division
Long Beach St.,California State University - Long Beach,"Long Beach, California",Public,Pacific Coast Athletic Association,NCAA D1,NCAA D1
Marquette,Marquette University,"Milwaukee, Wisconsin",Private,Division I Independents,NCAA D1,NCAA D1
UC Riverside,"University of California, Riverside","Riverside, California",Public,California Collegiate Athletic Association,NCAA D1,NCAA D1
Air Force,United States Air Force Academy,"USAF Academy, Colorado",Public,Mountain West Conference,NCAA D1,FBS
Akron,University of Akron,"Akron, Ohio",Public,Mid-American Conference,NCAA D1,FBS
Alabama,University of Alabama,"Tuscaloosa, Alabama",Public,Southeastern Conference,NCAA D1,FBS
Ala-Birmingham,University of Alabama – Birmingham,"Birmingham, Alabama",Public,Conference USA,NCAA D1,FBS
Appalachian St.,Appalachian State University,"Boone, North Carolina",Public,Sun Belt Conference,NCAA D1,FBS
California,University of California-Berkeley,"Berkeley, California",Public,Pac-12 Conference,NCAA D1,FBS
Arkansas,University of Arkansas,"Fayetteville, Arkansas",Public,Southeastern Conference,NCAA D1,FBS
Arkansas St.,Arkansas State University,"Jonesboro, Arkansas",Public,Sun Belt Conference,NCAA D1,FBS
Army,United States Military Academy,"West Point, New York",Public,Patriot League,NCAA D1,FBS
Auburn,Auburn University,"Auburn, Alabama",Public,Southeastern Conference,NCAA D1,FBS
Ball St.,Ball State University,"Muncie, Indiana",Public,Mid-American Conference,NCAA D1,FBS
Mississippi Delta CC,Mississippi Delta Community College,"Moorhead, Mississippi",Public,Mississippi Association of Community Colleges Conference,Junior College,JC
Baylor,Baylor University,"Waco, Texas",Private,Big 12 Conference,NCAA D1,FBS
Boise St.,Boise State University,"Boise, Idaho",Public,Mountain West Conference,NCAA D1,FBS
Boston Col.,Boston College,"Chestnut Hill, Massachusetts",Private,Atlantic Coast Conference,NCAA D1,FBS
Bowling Green,Bowling Green State University,"Bowling Green, Ohio",Public,Mid-American Conference,NCAA D1,FBS
Buffalo,SUNY University at Buffalo,"Buffalo, New York",Public,Mid-American Conference,NCAA D1,FBS
BYU,Brigham Young University,"Provo, Utah",Private,West Coast Conference,NCAA D1,FBS
Arizona,University of Arizona,"Tucson, Arizona",Public,Pac-12 Conference,NCAA D1,FBS
Central Florida,University of Central Florida,"Orlando, Florida",Public,American Athletic Conference,NCAA D1,FBS
Central Michigan,Central Michigan University,"Mount Pleasant, Michigan",Public,Mid-American Conference,NCAA D1,FBS
Charlotte,University of North Carolina at Charlotte,"Charlotte, North Carolina",Public,Conference USA,NCAA D1,FBS
Cincinnati,University of Cincinnati,"Cincinnati, Ohio",Public,American Athletic Conference,NCAA D1,FBS
Clemson,Clemson University,"Clemson, South Carolina",Public,Atlantic Coast Conference,NCAA D1,FBS
Coastal Carolina,Coastal Carolina University,"Conway, South Carolina",Public,Sun Belt Conference,NCAA D1,FBS
Arizona St.,Arizona State University,"Tempe, Arizona",Public,Pac-12 Conference,NCAA D1,FBS
Colorado St.,Colorado State University,"Fort Collins, Colorado",Public,Mountain West Conference,NCAA D1,FBS
Connecticut,University of Connecticut,"Storrs, Connecticut",Public,Big East Conference,NCAA D1,FBS
Duke,Duke University,"Durham, North Carolina",Private,Atlantic Coast Conference,NCAA D1,FBS
East Carolina,East Carolina University,"Greenville, North Carolina",Public,American Athletic Conference,NCAA D1,FBS
Eastern Michigan,Eastern Michigan University,"Ypsilanti, Michigan",Public,Mid-American Conference,NCAA D1,FBS
Florida,University of Florida,"Gainesville, Florida",Public,Southeastern Conference,NCAA D1,FBS
Colorado,University of Colorado – Boulder,"Boulder, Colorado",Public,Pac-12 Conference,NCAA D1,FBS
Florida International,Florida International University,"Miami, Florida",Public,Conference USA,NCAA D1,FBS
Florida St.,Florida State University,"Tallahassee, Florida",Public,Atlantic Coast Conference,NCAA D1,FBS
Fresno St.,California State University-Fresno,"Fresno, California",Public,Mountain West Conference ,NCAA D1,FBS
Georgia,University of Georgia,"Athens, Georgia",Public,Southeastern Conference,NCAA D1,FBS
Georgia Southern,Georgia Southern University,"Statesboro, Georgia",Public,Sun Belt Conference,NCAA D1,FBS
Georgia Tech,Georgia Tech,"Atlanta, Georgia",Public,Atlantic Coast Conference,NCAA D1,FBS
Hawaii,University of Hawaii at Manoa,"Honolulu, Hawaii",Public,Mountain West Conference,NCAA D1,FBS
Houston,University of Houston,"Houston, Texas",Public,American Athletic Conference,NCAA D1,FBS
Illinois,University of Illinois,"Champaign, Illinois",Public,Big Ten Conference,NCAA D1,FBS
Indiana,Indiana University,"Bloomington, Indiana",Public,Big Ten Conference,NCAA D1,FBS
Iowa,University of Iowa,"Iowa City, Iowa",Public,Big Ten Conference,NCAA D1,FBS
Iowa St.,Iowa State University,"Ames, Iowa",Public,Big 12 Conference,NCAA D1,FBS
Calgary,University of Calgary,"Calgary, Alberta",Public,None,None,None
James Madison,James Madison University,"Harrisonburg, Virginia",Public,Colonial Athletic Association,NCAA D1,FBS
Kansas,University of Kansas,"Lawrence, Kansas",Public,Big 12 Conference,NCAA D1,FBS
Kansas St.,Kansas State University,"Manhattan, Kansas",Public,Big 12 Conference,NCAA D1,FBS
Kent St.,Kent State University,"Kent, Ohio",Public,Mid-American Conference,NCAA D1,FBS
Kentucky,University of Kentucky,"Lexington, Kentucky",Public,Southeastern Conference,NCAA D1,FBS
Lambuth,University of Memphis - Lambuth,"Jackson, Tennessee",Public,American Athletic Conference,NCAA D1,FBS
La-Monroe,University of Louisiana Monroe,"Monroe, Louisiana",Public,Sun Belt Conference,NCAA D1,FBS
Liberty,Liberty University,"Lynchburg, Virginia",Private,Conference USA,NCAA D1,FBS
Louisiana,University of Louisiana,"Lafayette, Louisiana",Public,Sun Belt Conference,NCAA D1,FBS
Louisiana Tech,Louisiana Tech University,"Ruston, Louisiana",Public,Conference USA,NCAA D1,FBS
Louisville,University of Louisville,"Louisville, Kentucky",Public,Atlantic Coast Conference,NCAA D1,FBS
LSU,Louisiana State University (LSU),"Baton Rouge, Louisiana",Public,Southeastern Conference,NCAA D1,FBS
Marshall,Marshall University,"Huntington, West Virginia",Public,Conference USA,NCAA D1,FBS
Maryland,University of Maryland,"College Park, Maryland",Public,Big Ten Conference,NCAA D1,FBS
Massachusetts,University of Massachusetts – Amherst,"Amherst, Massachusetts",Public,Atlantic 10 Conference,NCAA D1,FBS
Memphis,University of Memphis,"Memphis, Tennessee",Public,American Athletic Conference,NCAA D1,FBS
Miami (FL),University of Miami,"Coral Gables, Florida",Private,Atlantic Coast Conference,NCAA D1,FBS
Miami (OH),Miami University,"Oxford, Ohio",Public,Mid-American Conference,NCAA D1,FBS
Michigan,University of Michigan,"Ann Arbor, Michigan",Public,Big Ten Conference,NCAA D1,FBS
Michigan St.,Michigan State University,"East Lansing, Michigan",Public,Big Ten Conference,NCAA D1,FBS
Middle Tenn. St.,Middle Tennessee State University,"Murfreesboro, Tennessee",Public,Conference USA,NCAA D1,FBS
Minnesota,University of Minnesota,"Minneapolis, Minnesota",Public,Big Ten Conference,NCAA D1,FBS
Mississippi,University of Mississippi,"University, Mississippi",Public,Southeastern Conference,NCAA D1,FBS
Oregon,University of Oregon,"Eugene, Oregon",Public,Pac-12 Conference,NCAA D1,FBS
Mississippi St.,Mississippi State University,"Mississippi State, Mississippi",Public,Southeastern Conference,NCAA D1,FBS
Missouri,University of Missouri,"Columbia, Missouri",Public,Southeastern Conference,NCAA D1,FBS
Navy,United States Naval Academy,"Annapolis, Maryland",Public,Patriot League,NCAA D1,FBS
Nebraska,University of Nebraska,"Lincoln, Nebraska",Public,Big Ten Conference,NCAA D1,FBS
Nevada,University of Nevada - Reno,"Reno, Nevada",Public,Mountain West Conference,NCAA D1,FBS
New Mexico,University of New Mexico,"Albuquerque, New Mexico",Public,Mountain West Conference,NCAA D1,FBS
New Mexico St.,New Mexico State University,"Las Cruces, New Mexico",Public,Sun Belt Conference,NCAA D1,FBS
North Carolina,University of North Carolina at Chapel Hill,"Chapel Hill, North Carolina",Public,Atlantic Coast Conference,NCAA D1,FBS
North Carolina St.,North Carolina State University,"Raleigh, North Carolina",Public,Atlantic Coast Conference,NCAA D1,FBS
Deakin (Australia),Deakin University,"Victoria, Australia",Public,None,None,None
North Texas,University of North Texas,"Denton, Texas",Public,Conference USA,NCAA D1,FBS
Northern Illinois,Northern Illinois University,"Dekalb, Illinois",Public,Mid-American Conference,NCAA D1,FBS
Northwestern,Northwestern University,"Evanston, Illinois",Private,Big Ten Conference,NCAA D1,FBS
Notre Dame,University of Notre Dame,"Notre Dame, Indiana",Private,Division I-A Independents,NCAA D1,FBS
Ohio,Ohio University,"Athens, Ohio",Public,Mid-American Conference,NCAA D1,FBS
Ohio St.,Ohio State University,"Columbus, Ohio",Public,Big Ten Conference,NCAA D1,FBS
Oklahoma,University of Oklahoma,"Norman, Oklahoma",Public,Big 12 Conference,NCAA D1,FBS
Oklahoma St.,Oklahoma State University,"Stillwater, Oklahoma",Public,Big 12 Conference,NCAA D1,FBS
Old Dominion,Old Dominion University,"Norfolk, Virginia",Public,Sunbelt Conference,NCAA D1,FBS
Oregon St.,Oregon State University,"Corvallis, Oregon",Public,Pac-12 Conference,NCAA D1,FBS
Stanford,Stanford University,"Stanford, California",Private,Pac-12 Conference,NCAA D1,FBS
Penn St.,Penn State,"University Park, Pennsylvania",Public,Big Ten Conference,NCAA D1,FBS
Pittsburgh,University of Pittsburgh,"Pittsburgh, Pennsylvania",Public,Atlantic Coast Conference,NCAA D1,FBS
Purdue,Purdue University,"West Lafayette, Indiana",Public,Big Ten Conference,NCAA D1,FBS
Rice,Rice University,"Houston, Texas",Private,Conference USA,NCAA D1,FBS
Rutgers,Rutgers University,"Piscataway, New Jersey",Public,Big Ten Conference,NCAA D1,FBS
San Diego St.,San Diego State University,"San Diego, California",Public,Mountain West Conference,NCAA D1,FBS
San Jose St.,San Jose State University,"San Jose, California",Public,Mountain West Conference,NCAA D1,FBS
SMU,Southern Methodist University – SMU,"Dallas, Texas",Private,American Athletic Conference,NCAA D1,FBS
South Alabama,University of South Alabama,"Mobile, Alabama",Public,Sun Belt Conference,NCAA D1,FBS
South Carolina,University of South Carolina,"Columbia, South Carolina",Public,Southeastern Conference,NCAA D1,FBS
UCLA,University of California – Los Angeles – UCLA,"Los Angeles, California",Public,Pac-12 Conference,NCAA D1,FBS
South Florida,University of South Florida,"Tampa, Florida",Public,American Athletic Conference,NCAA D1,FBS
Southern Miss,University of Southern Mississippi,"Hattiesburg, Mississippi",Public,Sun Belt Conference,NCAA D1,FBS
USC,University of Southern California,"Los Angeles, California",Private,Pac-12 Conference,NCAA D1,FBS
Syracuse,Syracuse University,"Syracuse, New York",Private,American Athletics Conference,NCAA D1,FBS
TCU,Texas Christian University,"Fort Worth, Texas",Private,Big 12 Conference,NCAA D1,FBS
Temple,Temple University,"Philadelphia, Pennsylvania",Public,American Athletic Conference,NCAA D1,FBS
Tennessee,University of Tennessee,"Knoxville, Tennessee",Public,Southeastern Conference,NCAA D1,FBS
Texas,University of Texas – Austin,"Austin, Texas",Public,Big 12 Conference,NCAA D1,FBS
Texas A&M,Texas A&M University,"College Station, Texas",Public,Southeastern Conference,NCAA D1,FBS
Texas St.,Texas State University,"San Marcos, Texas",Public,Sun Belt Conference,NCAA D1,FBS
Texas Tech,Texas Tech University,"Lubbock, Texas",Public,Big 12 Conference,NCAA D1,FBS
Texas-El Paso,University of Texas – El Paso,"El Paso, Texas",Public,Conference USA,NCAA D1,FBS
Texas-San Antonio,University of Texas – San Antonio,"San Antonio, Texas",Public,Conference USA,NCAA D1,FBS
Toledo,University of Toledo,"Toledo, Ohio",Public,Mid-American Conference,NCAA D1,FBS
Troy,Troy University,"Troy, Alabama",Public,Sun Belt Conference,NCAA D1,FBS
Tulane,Tulane University,"New Orleans, Louisiana",Private,American Athletic Conference,NCAA D1,FBS
Tulsa,University of Tulsa,"Tulsa, Oklahoma",Private,American Athletic Conference,NCAA D1,FBS
Utah,University of Utah,"Salt Lake City, Utah",Public,Pac-12 Conference,NCAA D1,FBS
UNLV,University of Nevada – Las Vegas,"Las Vegas, Nevada",Public,Mountain West Conference,NCAA D1,FBS
Washington,University of Washington,"Seattle, Washington",Public,Pac-12 Conference,NCAA D1,FBS
Washington St.,Washington State University,"Pullman, Washington",Public,Pac-12 Conference,NCAA D1,FBS
Utah St.,Utah State University,"Logan, Utah",Public,Mountain West Conference,NCAA D1,FBS
Vanderbilt,Vanderbilt University,"Nashville, Tennessee",Private,Southeastern Conference,NCAA D1,FBS
Virginia,University of Virginia,"Charlottesville, Virginia",Public,Atlantic Coast Conference,NCAA D1,FBS
Virginia Tech,Virginia Tech,"Blacksburg, Virginia",Public,Atlantic Coast Conference,NCAA D1,FBS
Wake Forest,Wake Forest University,"Winston-Salem, North Carolina",Private,Atlantic Coast Conference,NCAA D1,FBS
Florida Atlantic,Florida Atlantic University,"Boca Raton, Florida",Public,American Athletic Conference,NCAA D1,FBS
West Virginia,West Virginia University,"Morgantown, West Virginia",Public,Big 12 Conference,NCAA D1,FBS
Western Kentucky,Western Kentucky University,"Bowling Green, Kentucky",Public,Conference USA,NCAA D1,FBS
Western Michigan,Western Michigan University,"Kalamazoo, Michigan",Public,Mid-American Conference,NCAA D1,FBS
Wichita St.,Wichita State University ,"Wichita, Kansas",Public,American Athletic Conference,NCAA D1,FBS
Wisconsin,University of Wisconsin,"Madison, Wisconsin",Public,Big Ten Conference,NCAA D1,FBS
Wyoming,University of Wyoming,"Laramie, Wyoming",Public,Mountain West Conference,NCAA D1,FBS
Abilene Christian,Abilene Christian University,"Abilene, Texas",Private,Western Athletic Conference,NCAA D1,FCS
Alabama A&M,Alabama A&M University,"Normal, Alabama",Public,Southwestern Athletic Conference,NCAA D1,FCS
Alabama St.,Alabama State University,"Montgomery, Alabama",Public,Southwestern Athletic Conference,NCAA D1,FCS
Alcorn St.,Alcorn State University,"Alcorn, Mississippi",Public,Southwestern Athletic Conference,NCAA D1,FCS
Ark-Pine Bluff,University of Arkansas at Pine Bluff,"Pine Bluff, Arkansas",Public,Southwestern Athletic Conference,NCAA D1,FCS
Austin Peay St.,Austin Peay State University,"Clarksville, Tennessee",Public,Atlantic Sun Conference,NCAA D1,FCS
Bethune-Cookman,Bethune-Cookman University,"Daytona Beach, Florida",Private,Southwestern Athletic Conference,NCAA D1,FCS
Bishop,Bishop College,"Dallas, Texas",Public,Southwestern Athletic Conference,NCAA D1,FCS
Boston Univ.,Boston University,"Boston, Massachusetts",Private,Atlantic 10 Conference,NCAA D1,FCS
Brown,Brown University,"Providence, Rhode Island",Private,Ivy League,NCAA D1,FCS
Bucknell,Bucknell University,"Lewisburg, Pennsylvania",Private,Patriot League,NCAA D1,FCS
Cal Poly-San Luis Obispo,California Polytechnic State University – San Luis Obispo,"San Luis Obispo, California",Public,Big Sky Conference,NCAA D1,FCS
Cal State-Bakersfield,California State University-Bakersfield,"Bakersfield, California",Public,Big West Conference,NCAA D1,FCS
Cal State-Fullerton,California State-Fullerton,"Fullerton, California",Public,Big West Athletic Conference,NCAA D1,FCS
Central Arkansas,University of Central Arkansas,"Conway, Arkansas",Public,Southland Conference,NCAA D1,FCS
Langston,Langston University,"Langston, Oklahoma",Public,Sooner Athletic Conference,National Association of Intercollegiate Athletics,NAIA
Laval,Université Laval,"Quebec City, Quebec",Public,None,None,None
Chattanooga,University of Tennessee – Chattanooga,"Chattanooga, Tennessee",Public,Southern Conference,NCAA D1,FCS
Colgate,Colgate University,"Hamilton, New York",Private,Patriot League,NCAA D1,FCS
Columbia,Columbia University,"New York, New York",Private,Ivy League,NCAA D1,FCS
Cornell,Cornell University,"Ithaca, New York",Private,Ivy League,NCAA D1,FCS
Dartmouth,Dartmouth College,"Hanover, New Hampshire",Private,Ivy League,NCAA D1,FCS
Dayton,University of Dayton,"Dayton, Ohio",Private,Pioneer Football League,NCAA D1,FCS
Delaware,University of Delaware,"Newark, Delaware",Public,Colonial Athletic Association,NCAA D1,FCS
Delaware St.,Delaware State University,"Dover, Delaware",Public,Mid-Eastern Athletic Conference,NCAA D1,FCS
Detroit Mercy,University of Detroit Mercy,"Detroit, Michigan",Private,Horizon League,NCAA D1,FCS
Drake,Drake University,"Des Moines, Iowa",Private,Pioneer Football League,NCAA D1,FCS
Duquesne,Duquesne University,"Pittsburgh, Pennsylvania",Private,Altantic 10 Conference,NCAA D1,FCS
Eastern Illinois,Eastern Illinois University,"Charleston, Illinois",Public,Ohio Valley Conference,NCAA D1,FCS
Eastern Kentucky,Eastern Kentucky University,"Richmond, Kentucky",Public,Atlantic Sun Conference,NCAA D1,FCS
Manitoba,University of Manitoba,"Winnipeg City, Manitoba",Public,None,None,None
Eastern Washington,Eastern Washington University,"Cheney, Washington",Public,Big Sky Conference,NCAA D1,FCS
Elon,Elon University,"Elon, North Carolina",Private,Colonial Athletic Association,NCAA D1,FCS
Florida A&M,Florida A&M University,"Tallahassee, Florida",Public,Southwestern Athletic Conference,NCAA D1,FCS
Fordham,Fordham University,"Bronx, New York",Private,Patriot League,NCAA D1,FCS
McGill,McGill University,"Montreal, Quebec",Public,None,None,None
Furman,Furman University,"Greenville, South Carolina",Private,Southern Conference,NCAA D1,FCS
Gardner-Webb,Gardner-Webb University,"Boiling Springs, North Carolina",Private,Big South Conference,NCAA D1,FCS
Grambling St.,Grambling State University,"Grambling, Louisiana",Public,Southwestern Athletic Conference,NCAA D1,FCS
Hampton,Hampton University,"Hampton, Virginia",Private,Colonial Athletic Association,NCAA D1,FCS
Harvard,Harvard University,"Cambridge, Massachusetts",Private,Ivy League,NCAA D1,FCS
Hofstra,Hofstra University,"Hempstead, New York",Private,Colonial Athletic Association,NCAA D1,FCS
Holy Cross,College of the Holy Cross,"Worcester, Massachusetts",Private,Patriot League,NCAA D1,FCS
Howard,Howard University,"Washington, District Of Columbia",Private,Mid-Eastern Athletic Conference,NCAA D1,FCS
Idaho,University of Idaho,"Moscow, Idaho",Public,Big Sky Conference,NCAA D1,FCS
Idaho St.,Idaho State University,"Pocatello, Idaho",Public,Big Sky Conference,NCAA D1,FCS
Illinois St.,Illinois State University,"Normal, Illinois",Public,Missouri Valley Conference,NCAA D1,FCS
Jackson St.,Jackson State University,"Jackson, Mississippi",Public,Southwestern Athletic Conference,NCAA D1,FCS
Jacksonville St.,Jacksonville State University,"Jacksonville, Alabama",Public,Atlantic Sun Conference,NCAA D1,FCS
Lamar,Lamar University,"Beaumont, Texas",Public,Southland Conference,NCAA D1,FCS
Lehigh,Lehigh University,"Bethlehem, Pennsylvania",Private,Patriot League,NCAA D1,FCS
Lindenwood,Lindenwood University,"Saint Charles, Missouri",Private,Ohio Valley Conference,NCAA D1,FCS
Maine,University of Maine,"Orono, Maine",Public,America East Conference,NCAA D1,FCS
McNeese St.,McNeese State University,"Lake Charles, Louisiana",Public,Southland Conference,NCAA D1,FCS
MD-Eastern Shore,University of Maryland Eastern Shore,"Princess Anne, Maryland",Public,Mid-Eastern Athletic Conference,NCAA D1,FCS
Miss. Valley St.,Mississippi Valley State University,"Itta Bena, Mississippi",Public,Southwestern Athletic Conference,NCAA D1,FCS
Missouri State,Missouri State University,"Springfield, Missouri",Public,Missouri Valley Conference,NCAA D1,FCS
Monmouth,Monmouth University,"West Long Branch, New Jersey",Private,Mid-Eastern Athletic Conference,NCAA D1,FCS
Montana,University of Montana,"Missoula, Montana",Public,Big Sky Conference,NCAA D1,FCS
Montana St.,Montana State University,"Bozeman, Montana",Public,Big Sky Conference,NCAA D1,FCS
Morehead St.,Morehead State University,"Morehead, Kentucky",Public,Ohio Valley Conference,NCAA D1,FCS
Morgan St.,Morgan State University,"Baltimore, Maryland",Public,Mid-Eastern Athletic Conference,NCAA D1,FCS
Morris Brown,Morris Brown College,"Atlanta, Georgia",Private,Southern Intercollegiate Athletic Conference,NCAA D1,FCS
Morningside,Morningside University,"Sioux City, Iowa",Private,Great Plains Athletic Conference,National Association of Intercollegiate Athletics,NAIA
Murray St.,Murray State University,"Murray, Kentucky",Public,Missouri Valley Conference,NCAA D1,FCS
Mount San Antonio JC,Mt. San Antonio College,"Walnut, California",Public,California Community College Athletic Association,Junior College,JC
New Hampshire,University of New Hampshire,"Durham, New Hampshire",Public,American East Conference,NCAA D1,FCS
Nicholls St.,Nicholls State University,"Thibodaux, Louisiana",Public,Southland Conference,NCAA D1,FCS
North Alabama,University of North Alabama,"Florence, Alabama",Public,Gulf South Conference,NCAA D1,FCS
North Carolina A&T,North Carolina A&T State University,"Greensboro, North Carolina",Public,Mid-Eastern Athletic Conference,NCAA D1,FCS
North Carolina Central,North Carolina Central University,"Durham, North Carolina",Public,Mid-Eastern Athletic Conference,NCAA D1,FCS
North Dakota,University of North Dakota,"Grand Forks, North Dakota",Public,Big Sky Conference,NCAA D1,FCS
North Dakota St.,North Dakota State University,"Fargo, North Dakota",Public,Missouri Valley Conference,NCAA D1,FCS
Northern Arizona,Northern Arizona University,"Flagstaff, Arizona",Public,Big Sky Conference,NCAA D1,FCS
Northern Colorado,University of Northern Colorado,"Greeley, Colorado",Public,Big Sky Conference,NCAA D1,FCS
Northern Iowa,University of Northern Iowa,"Cedar Falls, Iowa",Public,Missouri Valley Conference,NCAA D1,FCS
Northwestern St. (LA),Northwestern State University of Louisiana,"Natchitoches, Louisiana",Public,Southland Conference,NCAA D1,FCS
Pennsylvania,University of Pennsylvania – Penn,"Philadelphia, Pennsylvania",Private,Ivy League,NCAA D1,FCS
Portland St.,Portland State University,"Portland, Oregon",Public,Big Sky Conference,NCAA D1,FCS
Prairie View A&M,Prairie View A & M University,"Prairie View, Texas",Public,Southwestern Athletic Conference,NCAA D1,FCS
Princeton,Princeton University,"Princeton, New Jersey",Private,Ivy League,NCAA D1,FCS
Rhode Island,University of Rhode Island,"Kingston, Rhode Island",Public,Atlantic Ten Conference,NCAA D1,FCS
Richmond,University of Richmond,Virginia,Private,Atlantic 10 Conference,NCAA D1,FCS
Robert Morris,Robert Morris University – Pennsylvania,"Moon Township, Pennsylvania",Private,Northeast Conference,NCAA D1,FCS
S.F. Austin,Stephen F. Austin State University,"Nacogdoches, Texas",Public,United Athletic Conference,NCAA D1,FCS
Sacramento St.,California State University - Sacramento,"Sacramento, California",Public,Big Sky Conference,NCAA D1,FCS
Sam Houston St.,Sam Houston State University,"Huntsville, Texas",Public,Western Athletic Conference,NCAA D1,FCS
Samford,Samford University,"Birmingham, Alabama",Private,Southern Conference,NCAA D1,FCS
San Diego,University of San Diego,"San Diego, California",Private,Pioneer Football League,NCAA D1,FCS
SE Missouri St.,Southeast Missouri State University,"Cape Girardeau, Missouri",Public,Ohio Valley Conference,NCAA D1,FCS
South Carolina St.,South Carolina State University,"Orangeburg, South Carolina",Public,Mid-Eastern Athletic Conference,NCAA D1,FCS
South Dakota St.,South Dakota State University,"Brookings, South Dakota",Public,Summit League Conference,NCAA D1,FCS
Southeastern Louisiana,Southeastern Louisiana University,"Hammond, Louisiana",Public,Southland Conference,NCAA D1,FCS
Southern,Southern University & A&M College,"Baton Rouge, Louisiana",Public,Southwestern Athletic Conference,NCAA D1,FCS
Southern Illinois,Southern Illinois University,"Carbondale, Illinois",Public,Missouri Valley Football Conference,NCAA D1,FCS
Tennessee St.,Tennessee State University,"Nashville, Tennessee",Public,Ohio Valley Conference,NCAA D1,FCS
Tennessee Tech,Tennessee Technological University,"Cookeville, Tennessee",Public,Ohio Valley Conference,NCAA D1,FCS
Texas A&M-Commerce,Texas A&M University – Commerce,"Commerce, Texas",Public,Lone Star Conference,NCAA D1,FCS
Texas Southern,Texas Southern University,"Houston, Texas",Public,Southwestern Athletic Conference,NCAA D1,FCS
Texas-Arlington,University of Texas at Arlington,"Arlington, Texas",Public,Southland Conference,NCAA D1,FCS
The Citadel,The Citadel,"Charleston, South Carolina",Public,Southern Conference,NCAA D1,FCS
Towson,Towson University,"Towson, Maryland",Public,Colonial Athletic Association,NCAA D1,FCS
UC Davis,University of California – Davis,"Davis, California",Public,Big Sky Conference,NCAA D1,FCS
Valparaiso,Valparaiso University,"Valparaiso, Indiana",Private,Missouri Valley Conference,NCAA D1,FCS
Ventura College,Ventura College,"Ventura, California",Public,Southern California Football Association,NCAA D1,FCS
Villanova,Villanova University,"Villanova, Pennsylvania",Private,Big East Conference,NCAA D1,FCS
Ottawa (KS),Ottawa University,"Ottawa, Kansas",Private,Kansas Collegiate Athletic Conference,National Association of Intercollegiate Athletics,NAIA
VMI,Virginia Military Institute – VMI,"Lexington, Virginia",Public,Big South Conference,NCAA D1,FCS
Wagner,Wagner College,"Staten Island, New York",Private,Northeast Conference,NCAA D1,FCS
South Dakota,University of South Dakota,"Vermillion, South Dakota",Public,Summit League,NCAA D1,FCS
Weber St.,Weber State University,"Ogden, Utah",Public,Big Sky Conference,NCAA D1,FCS
Philander Smith,Philander Smith University,"Little Rock, Arkansas",Private,Gulf Coast Athletic Conference,National Association of Intercollegiate Athletics - D1,NAIA
Western Carolina,Western Carolina University,"Cullowhee, North Carolina",Public,Southern Conference,NCAA D1,FCS
Western Illinois,Western Illinois University,"Macomb, Illinois",Public,Ohio Valley Conference,NCAA D1,FCS
William & Mary,William & Mary,"Williamsburg, Virginia",Public,Colonial Athletic Association,NCAA D1,FCS
Wofford,Wofford College,"Spartanburg, South Carolina",Private,Southern Conference,NCAA D1,FCS
Yale,Yale University,"New Haven, Connecticut",Private,Ivy League,NCAA D1,FCS
Youngstown St.,Youngstown State University,"Youngstown, Ohio",Public,Horizon League,NCAA D1,FCS
Albany State (GA),Albany State University,"Albany, Georgia",Public,Southern Intercol. Ath. Conf.,NCAA D2,NCAA D2
Regina,University of Regina,"Regina, Saskatchewan",Public,None,None,None
Allen,Allen University,"Columbia, South Carolina",Private,Southern Intercol. Ath. Conf.,NCAA D2,NCAA D2
Angelo State (TX),Angelo State University,"San Angelo, Texas",Public,Lone Star Conference,NCAA D2,NCAA D2
Arkansas Tech,Arkansas Tech University,"Russellville, Arkansas",Public,Great American Conference,NCAA D2,NCAA D2
Assumption,Assumption University,"Worcester, Massachusetts",Private,Northeast-10 Conference,NCAA D2,NCAA D2
Azusa Pacific,Azusa Pacific University,"Azusa, California",Private,Pacific West Conference,NCAA D2,NCAA D2
Bloomsburg,Bloomsburg University of Pennsylvania,"Bloomsburg, Pennsylvania",Public,Pennsylvania State Athletic Conference,NCAA D2,NCAA D2
Bowie St.,Bowie State University,"Bowie, Maryland",Public,Central Intercollegiate Athletic Association,NCAA D2,NCAA D2
Cal State-Chico,California State University-Chico,"Chico, California",Public,California Collegiate Athletic Association,NCAA D2,NCAA D2
Cal State-Hayward,California State University-East Bay,"Hayward, California",Public,Collegiate Athletic Association,NCAA D2,NCAA D2
Cal State-Northridge,California State University-Northridge,"Northridge, California",Public,California Collegiate Athletic Association,NCAA D2,NCAA D2
California (PA),California University of Pennsylvania,"California, Pennsylvania",Public,Pennsylvania State Athletic Conference,NCAA D2,NCAA D2
Cameron,Cameron University,"Lawton, Oklahoma",Public,Lone Star Conference,NCAA D2,NCAA D2
Carson-Newman,Carson-Newman University,"Jefferson City, Tennessee",Private,South Atlantic Conference,NCAA D2,NCAA D2
Central Missouri St.,University of Central Missouri,"Warrensburg, Missouri",Public,Mid-America Intercollegiate Athletics Association,NCAA D2,NCAA D2
Central Oklahoma,University of Central Oklahoma,"Edmond, Oklahoma",Public,Mid-America Intercollegiate Athletics Association,NCAA D2,NCAA D2
Central State (OH),Central State University,"Wilberforce, Ohio",Public,Southern Intercol. Ath. Conf.,NCAA D2,NCAA D2
Chadron St.,Chadron State College,"Chadron, Nebraska",Public,Rocky Mountain Athletic Conference,NCAA D2,NCAA D2
Clarion,Pennsylvania Western University-Clarion,"Clarion, Pennsylvania",Public,Pennsylvania State Athletic Conference,NCAA D2,NCAA D2
Seattle,Seattle University,"Seattle, Washington",Private,None,None,None
Clark (GA),Clark Atlanta University,"Atlanta, Georgia",Private,Southern Intercol. Ath. Conf.,NCAA D2,NCAA D2
Sherbrooke,Université de Sherbrooke,"Sherbrooke, Quebec",Public,None,None,None
Colorado Mesa,Colorado Mesa University,"Grand Junction, Colorado",Public,Rocky Mountain Athletic Conference,NCAA D2,NCAA D2
Colorado State-Pueblo,Colorado State University – Pueblo,"Pueblo, Colorado",Public,Rocky Mountain Athletic Conference,NCAA D2,NCAA D2
Concordia-St.Paul (MN),"Concordia University, St. Paul – Minnesota","Saint Paul, Minnesota",Private,Northern Sun Intercollegiate Conference,NCAA D2,NCAA D2
East Central (OK),East Central University,"Ada, Oklahoma",Public,Great American Conference,NCAA D2,NCAA D2
Elizabeth City St.,Elizabeth City State University,"Elizabeth City, North Carolina",Public,Central Intercollegiate Athletic Association,NCAA D2,NCAA D2
Emporia St.,Emporia State University,"Emporia, Kansas",Public,Mid-America Intercollegiate Athletics Association,NCAA D2,NCAA D2
Fayetteville St.,Fayetteville State University,"Fayetteville, North Carolina",Public,Central Intercollegiate Athletic Association,NCAA D2,NCAA D2
Ferris St.,Ferris State University,"Big Rapids, Michigan",Public,Great Lakes Intercollegiate Athletic Conference,NCAA D2,NCAA D2
Fort Hays St.,Fort Hays State University,"Hays, Kansas",Public,Mid-America Intercollegiate Athletics Association,NCAA D2,NCAA D2
Fort Valley St.,Fort Valley State University,"Fort Valley, Georgia",Public,Southern Intercol. Ath. Conf.,NCAA D2,NCAA D2
Grand Valley St.,Grand Valley State University,"Allendale, Michigan",Public,Great Lakes Intercollegiate Athletic Conference,NCAA D2,NCAA D2
Harding,Harding University,"Searcy, Arkansas",Private,Great American Conference,NCAA D2,NCAA D2
Henderson St.,Henderson State University,"Arkadelphia, Arkansas",Public,Great American Conference,NCAA D2,NCAA D2
Humboldt St.,Humboldt State University,"Arcata, California",Public,Great Northwest Athletic Conference,NCAA D2,NCAA D2
Indiana (PA),Indiana University of Pennsylvania,"Indiana, Pennsylvania",Public,Pennsylvania State Athletic Conference,NCAA D2,NCAA D2
Johnson C. Smith,Johnson C. Smith University,"Charlotte, North Carolina",Private,Central Intercollegiate Athletic Association,NCAA D2,NCAA D2
St. Mary's (Canada),Saint Mary's University,"Halifax, Nova Scotia",Public,None,None,None
Kentucky St.,Kentucky State University,"Frankfort, Kentucky",Public,Southern Intercol. Ath. Conf.,NCAA D2,NCAA D2
Kutztown (PA),Kutztown University of Pennsylvania,"Kutztown, Pennsylvania",Public,Pennsylvania State Athletic Conference,NCAA D2,NCAA D2
Lane,Lane College,"Jackson, Tennessee",Private,Southern Intercol. Ath. Conf.,NCAA D2,NCAA D2
Tarkio,Tarkio College,"Tarkio, Missouri",Private,Missouri College Athletic Union,National Association of Intercollegiate Athletics,NAIA
Livingstone,Livingstone College,"Salisbury, North Carolina",Private,Central Intercollegiate Athletic Association,NCAA D2,NCAA D2
Los Angeles St.,California State University - Los Angeles,"Los Angeles, California",Public,California Collegiate Athletic Association and,NCAA D2,NCAA D2
Midwestern St.,Midwestern State University,"Wichita Falls, Texas",Public,Lone Star Conference,NCAA D2,NCAA D2
Mississippi Col.,Mississippi College,"Clinton, Mississippi",Private,Gulf South Conference,NCAA D2,NCAA D2
Missouri S&T,Missouri University of Science & Technology,"Rolla, Missouri",Public,Great Lakes Valley Conference,NCAA D2,NCAA D2
Missouri Southern,Missouri Southern State University,"Joplin, Missouri",Public,Mid-America Intercollegiate Athletics Association,NCAA D2,NCAA D2
Missouri Western St.,Missouri Western State University,"St. Joseph, Missouri",Public,Mid-America Intercollegiate Athletics Association,NCAA D2,NCAA D2
Morehouse,Morehouse College,"Atlanta, Georgia",Private,Southern Intercol. Ath. Conf.,NCAA D2,NCAA D2
NE State (OK),Northeastern State University,"Tahlequah, Oklahoma",Public,Mid-America Intercollegiate Athletic Association,NCAA D2,NCAA D2
Nebraska-Kearney,University of Nebraska at Kearney,"Kearney, Nebraska",Public,Mid-America Intercollegiate Athletics Association,NCAA D2,NCAA D2
Nebraska-Omaha,University of Nebraska at Omaha,"Omaha, Nebraska",Public,North Central Conference,NCAA D2,NCAA D2
New Haven,University of New Haven,"West Haven, Connecticut",Private,Northeast-10 Conference,NCAA D2,NCAA D2
New Mex. Highlands,New Mexico Highlands University,"Las Vegas, Nevada",Public,Rocky Mountain Athletic Conference,NCAA D2,NCAA D2
Northeastern,Northeastern State University,"Tahlequah, Oklahoma",Public,Mid-America Intercollegiate Athletics Association,NCAA D2,NCAA D2
Northern Michigan,Northern Michigan University,"Marquette, Michigan",Public,Great Lakes Intercollegiate Athletic Conference,NCAA D2,NCAA D2
NW Missouri St.,Northwest Missouri State University,"Maryville, Missouri",Public,Mid-America Intercollegiate Athletics Association,NCAA D2,NCAA D2
NW Oklahoma St.,Northwestern Oklahoma State University,"Alva, Oklahoma",Public,Great American Conference,NCAA D2,NCAA D2
Ouachita Baptist,Ouachita Baptist University,"Arkadelphia, Arkansas",Private,Great American Conference,NCAA D2,NCAA D2
Pittsburg St.,Pittsburg State University,"Pittsburg, Kansas",Public,Mid-America Intercollegiate Athletics Association,NCAA D2,NCAA D2
Trinity (IL),Trinity Christian College,"Palos Heights, Illinois",Private,Chicagoland Collegiate Athletic Conference,National Association of Intercollegiate Athletics,NAIA
San Francisco St.,San Francisco State University,"San Francisco, California",Public,California Collegiate Athletic Association,NCAA D2,NCAA D2
Trinity Valley CC (TX),Trinity Valley Community College,"Athens, Texas",Public,NJCAA Southwest Junior College Football Conference,Junior College,JC
Santa Clara,Santa Clara University,"Santa Clara, California",Private,Division II Independents,NCAA D2,NCAA D2
Savannah St.,Savannah State University,"Savannah, Georgia",Public,Southern Intercol. Ath. Conf.,NCAA D2,NCAA D2
Shepherd,Shepherd University,"Shepherdstown, West Virginia",Public,Pennsylvania State Athletic Conference,NCAA D2,NCAA D2
Shippensburg,Shippensburg University of Pennsylvania,"Shippensburg, Pennsylvania",Public,Pennsylvania State Athletic Conference,NCAA D2,NCAA D2
Sonoma St.,Sonoma State University,"Sonoma County, California",Public,California Collegiate Athletic Association,NCAA D2,NCAA D2
Southern Arkansas,Southern Arkansas University,"Magnolia, Arkansas",Public,Great American Conference,NCAA D2,NCAA D2
Southern Connecticut St.,Southern Connecticut State University,"New Haven, Connecticut",Public,Northeast-10 Conference,NCAA D2,NCAA D2
St. Augustine's,Saint Augustine's University,"Raleigh, North Carolina",Private,Central Intercollegiate Athletic Association,NCAA D2,NCAA D2
Tampa,University of Tampa,"Tampa, Florida",Private,Sunshine State Conference,NCAA D2,NCAA D2
Texas A&M-Kingsville,Texas A&M University – Kingsville,"Kingsville, Texas",Public,Lone Star Conference,NCAA D2,NCAA D2
Tiffin,Tiffin University,"Tiffin, Ohio",Private,Great Midwest Athletic Conference,NCAA D2,NCAA D2
Truman St.,Truman State University,"Kirksville, Missouri",Public,Great Lakes Valley Conference,NCAA D2,NCAA D2
Tusculum,Tusculum University,"Greeneville, Tennessee",Private,South Atlantic Conference,NCAA D2,NCAA D2
Tuskegee,Tuskegee University,"Tuskegee, Alabama",Private,Southern Intercol. Ath. Conf.,NCAA D2,NCAA D2
Upper Iowa,Upper Iowa University,"Fayette, Iowa",Private,Northern Sun Intercollegiate Conference,NCAA D2,NCAA D2
Valdosta St.,Valdosta State University,"Valdosta, Georgia",Public,Gulf South Conference,NCAA D2,NCAA D2
Virginia St.,Virginia State University,"Petersburg, Virginia",Public,Central Intercollegiate Athletic Association,NCAA D2,NCAA D2
Virginia Union,Virginia Union University,"Richmond, Virginia",Private,Central Intercollegiate Athletic Association,NCAA D2,NCAA D2
Washburn,Washburn University,"Topeka, Kansas",Public,Mid-America Intercollegiate Athletics Association,NCAA D2,NCAA D2
Wayne State (NE),Wayne State College,"Wayne, Nebraska",Public,Northern Sun Intercollegiate Conference,NCAA D2,NCAA D2
West Alabama,University of West Alabama,"Livingston, Alabama",Public,Gulf South Conference,NCAA D2,NCAA D2
West Chester,West Chester University of Pennsylvania,"West Chester, Pennsylvania",Public,Pennsylvania State Athletic Conference,NCAA D2,NCAA D2
West Georgia,University of West Georgia,"Carrollton, Georgia",Public,Gulf South Conference,NCAA D2,NCAA D2
West Texas A&M,West Texas A&M University,"Canyon, Texas",Public,Lone Star Conference,NCAA D2,NCAA D2
West Virginia St.,West Virginia State University,"Institute, West Virginia",Public,Mountain East Conference,NCAA D2,NCAA D2
Western Oregon,Western Oregon University,"Monmouth, Oregon",Public,Lone Star Conference,NCAA D2,NCAA D2
Winston-Salem St.,Winston-Salem State University,"Winston-Salem, North Carolina",Public,Central Intercollegiate Athletic Association,NCAA D2,NCAA D2
Wisconsin-Milwaukee,University of Wisconsin-Milwaukee,"Milwaukee, Wisconsin",Public,Division III Independent,NCAA D3,NCAA D3
Amherst,Amherst College,"Amherst, Massachusetts",Private,New England Small College Athletic Conference,NCAA D3,NCAA D3
Anderson (IN),Anderson University – Indiana,"Anderson, Indiana",Private,Heartland Collegiate Athletic Conference,NCAA D3,NCAA D3
Augustana (IL),Augustana College – Illinois,"Rock Island, Illinois",Private,College Conference of Illinois and Wisconsin,NCAA D3,NCAA D3
Belhaven,Belhaven University,"Jackson, Mississippi",Private,American Southwest Conference,NCAA D3,NCAA D3
Benedictine,Benedictine University,"Lisle, Illinois",Private,Northern Athletics Collegiate Conference,NCAA D3,NCAA D3
Carthage,Carthage College,"Kenosha, Wisconsin",Public,College Conference of Illinois and Wisconsin,NCAA D3,NCAA D3
Central College (IA),Central College,"Pella, Iowa",Private,Iowa Intercollegiate Athletic Conference,NCAA D3,NCAA D3
Coast Guard,United States Coast Guard Academy,"New London, Connecticut",Public,New England Women's & Men's Athletic Conference,NCAA D3,NCAA D3
Concordia-Moorhead (MN),Concordia College – Minnesota,"Moorhead, Minnesota",Private,Minnesota Intercollegiate Athletic Conference,NCAA D3,NCAA D3
Gettysburg,Gettysburg College,"Gettysburg, Pennsylvania",Private,Centennial Conference,NCAA D3,NCAA D3
Hamline,Hamline University,"Saint Paul, Minnesota",Private,Minnesota Intercollegiate Athletic Conference,NCAA D3,NCAA D3
Hobart,Hobart & William Smith College,"Geneva, New York",Private,Liberty League,NCAA D3,NCAA D3
Howard Payne,Howard Payne University,"Brownwood, Texas",Private,American Southwest Conference,NCAA D3,NCAA D3
John Carroll,John Carroll University,"University Heights, Ohio",Private,Ohio Athletic Conference,NCAA D3,NCAA D3
Lewis & Clark,Lewis & Clark College,"Portland, Oregon",Private,Northwest Conference,NCAA D3,NCAA D3
Macalester,Macalester College,"St. Paul, Minnesota",Private,Midwest Conference,NCAA D3,NCAA D3
Western Ontario,University of Western Ontario,"London, Ontario",Public,None,None,None
Merchant Marine,United States Merchant Marine Academy,"Kings Point, New York",Public,New England Women's & Men's Athletic Conference,NCAA D3,NCAA D3
Mount Union,University of Mount Union,"Alliance, Ohio",Private,Ohio Athletic Conference,NCAA D3,NCAA D3
Pacific,Pacific University,"Forest Grove, Oregon",Private,Northwest Conference,NCAA D3,NCAA D3
Plymouth St.,Plymouth State University,"Plymouth, New Hampshire",Public,Massachusetts State Collegiate Athletic Conference,NCAA D3,NCAA D3
Saint John's (MN),Saint John's University – Minnesota,"Collegeville, Minnesota",Private,Minnesota Intercollegiate Athletic Conference,NCAA D3,NCAA D3
Salem,Salem State College,"Salem, Massachussetts",Public,Massachusetts State Collegiate Athletic Conference,NCAA D3,NCAA D3
Trinity (TX),Trinity University – Texas,"San Antonio, Texas",Private,Southern Athletic Association,NCAA D3,NCAA D3
Union (NY),Union College – New York,"Schenectady, New York",Private,Liberty League,NCAA D3,NCAA D3
Wabash,Wabash College,"Crawfordsville, Indiana",Private,North Coast Athletic Conference,NCAA D3,NCAA D3
Washington (MO),Washington University in St. Louis,"Saint Louis, Missouri",Private,University Athletic Association,NCAA D3,NCAA D3
Williams,Williams College,"Williamstown, Massachusetts",Private,New England Small College Athletic Conference,NCAA D3,NCAA D3
Wisconsin-LaCrosse,University of Wisconsin – La Crosse,"La Crosse, Wisconsin",Public,Wisconsin Intercollegiate Athletic Conference,NCAA D3,NCAA D3
Wisconsin-Stevens Point,University of Wisconsin – Stevens Point,"Stevens Point, Wisconsin",Public,Wisconsin Intercollegiate Athletic Conference,NCAA D3,NCAA D3
Wisconsin-Superior,University of Wisconsin-Superior,"Superior, Wisconsin",Public,Wisconsin State College Conference,NCAA D3,NCAA D3
Wisconsin-Whitewater,University of Wisconsin – Whitewater,"Whitewater, Wisconsin",Public,Wisconsin Intercollegiate Athletic Conference,NCAA D3,NCAA D3
Yankton,Yankton College,"Yankton, South Dakota",Private,Tri-State Conference,National Association of Intercollegiate Athletics,NAIA
Wooster,College of Wooster,"Wooster, Ohio",Private,North Coast Athletic Conference,NCAA D3,NCAA D3
